Polymer_Name,Solvent_Name,Solute_Name,Tg_K,Polymer_Xc,CHRIS_Category,Solute_CAS,Solute_InChIKey,Solute_SMILES,solute_MW,solute_ring_count,solute_aromatic_ring_count,solute_rotatable_bond_count
ECTFE,tetrachloroethylene,tetrachloroethylene,358.15,0.6,P3,127-18-4,CYTYCFOTNPOANT-UHFFFAOYSA-N,C(=C(Cl)Cl)(Cl)Cl,165.834,0.0,0.0,0.0
EPDM,"2,2,4-trimethylpentane",224 trimethylpentane,220.0,0.0,R2,540-84-1,NHTMVDHEPJAVLT-UHFFFAOYSA-N,CC(C)CC(C)(C)C,114.232,0.0,0.0,1.0
EPDM,dichloromethane,dichloromethane,220.0,0.0,R2,75-09-2,YMWUJEATGCHHMB-UHFFFAOYSA-N,C(Cl)Cl,84.933,0.0,0.0,0.0
EPDM,dodecane,dodecane,220.0,0.0,R2,112-40-3,SNRUBQQJIBEYMU-UHFFFAOYSA-N,CCCCCCCCCCCC,170.34,0.0,0.0,9.0
EPDM,hexadecane,hexadecane,220.0,0.0,R2,544-76-3,DCAYPVUWAIABOU-UHFFFAOYSA-N,CCCCCCCCCCCCCCCC,226.448,0.0,0.0,13.0
EPDM,methyl acetate,methyl acetate,220.0,0.0,R2,79-20-9,KXKVLQRXCPHEJC-UHFFFAOYSA-N,CC(=O)OC,74.079,0.0,0.0,0.0
EPDM,octane,octane,220.0,0.0,R2,111-65-9,TVMXDCGIABBOFY-UHFFFAOYSA-N,CCCCCCCC,114.232,0.0,0.0,5.0
EPDM,tetradecane,tetradecane,220.0,0.0,R2,629-59-4,BGHCVCJVXZWKCC-UHFFFAOYSA-N,CCCCCCCCCCCCCC,198.394,0.0,0.0,11.0
EPP,cyclohexane,cyclohexane,216.0,0.0,P1,110-82-7,XDTMQSROBMDMFD-UHFFFAOYSA-N,C1CCCCC1,84.162,1.0,0.0,0.0
EPP,ethylene,ethylene,216.0,0.277,P1,74-85-1,VGGSQFUCUMXWEO-UHFFFAOYSA-N,C=C,28.054,0.0,0.0,0.0
EPP,ethylene,ethylene,216.0,0.284,P1,74-85-1,VGGSQFUCUMXWEO-UHFFFAOYSA-N,C=C,28.054,0.0,0.0,0.0
EPP,ethylene,ethylene,216.0,0.509,P1,74-85-1,VGGSQFUCUMXWEO-UHFFFAOYSA-N,C=C,28.054,0.0,0.0,0.0
EPP,ethylene,ethylene,216.0,0.432,P1,74-85-1,VGGSQFUCUMXWEO-UHFFFAOYSA-N,C=C,28.054,0.0,0.0,0.0
FEP,tetrachloroethylene,tetrachloroethylene,353.15,0.4,P2,127-18-4,CYTYCFOTNPOANT-UHFFFAOYSA-N,C(=C(Cl)Cl)(Cl)Cl,165.834,0.0,0.0,0.0
HDPE,"1,1,1-trichloroethane",111 trichloroethane,200.0,0.455,P3,71-55-6,UOCLXMDMGBRAIB-UHFFFAOYSA-N,CC(Cl)(Cl)Cl,133.405,0.0,0.0,0.0
HDPE,"1,1,1-trichloroethane",111 trichloroethane,200.0,0.35,P3,71-55-6,UOCLXMDMGBRAIB-UHFFFAOYSA-N,CC(Cl)(Cl)Cl,133.405,0.0,0.0,0.0
HDPE,"1,1,1-trichloroethane",111 trichloroethane,200.0,0.375,P3,71-55-6,UOCLXMDMGBRAIB-UHFFFAOYSA-N,CC(Cl)(Cl)Cl,133.405,0.0,0.0,0.0
HDPE,CO2,carbon dioxide,200.0,0.0,P3,124-38-9,CURLTUGMZLYLDI-UHFFFAOYSA-N,C(=O)=O,44.009,0.0,0.0,0.0
HDPE,N2,nitrogen,200.0,0.0,P3,7727-37-9,IJGRMHOSHXDMSA-UHFFFAOYSA-N,N#N,28.014,0.0,0.0,0.0
HDPE,chlorobenzene,chlorobenzene,200.0,0.455,P3,108-90-7,MVPPADPHJFYWMZ-UHFFFAOYSA-N,C1=CC=C(C=C1)Cl,112.559,1.0,1.0,0.0
HDPE,chlorobenzene,chlorobenzene,200.0,0.39,P3,108-90-7,MVPPADPHJFYWMZ-UHFFFAOYSA-N,C1=CC=C(C=C1)Cl,112.559,1.0,1.0,0.0
HDPE,chlorobenzene,chlorobenzene,200.0,0.32,P3,108-90-7,MVPPADPHJFYWMZ-UHFFFAOYSA-N,C1=CC=C(C=C1)Cl,112.559,1.0,1.0,0.0
HDPE,heptane,heptane,200.0,0.7,P3,142-82-5,IMNFDUFMRHMDMM-UHFFFAOYSA-N,CCCCCCC,100.205,0.0,0.0,4.0
HDPE,hexane,26 di tert butyl 4 methylphenol,200.0,0.68,P3,128-37-0,NLZUEZXRPGMBCV-UHFFFAOYSA-N,CC1=CC(=C(C(=C1)C(C)(C)C)O)C(C)(C)C,220.356,1.0,1.0,0.0
HDPE,hexane,hexane,200.0,0.77,P3,110-54-3,VLKZOEOYAKHREP-UHFFFAOYSA-N,CCCCCC,86.178,0.0,0.0,3.0
HDPE,hexane,irganox 1010,200.0,0.68,P3,5106-16-1,BGYHLZZASRKEJE-UHFFFAOYSA-N,CC(C)(C)C1=CC(=CC(=C1O)C(C)(C)C)CCC(=O)OCC(COC(=O)CCC2=CC(=C(C(=C2)C(C)(C)C)O)C(C)(C)C)(COC(=O)CCC3=CC(=C(C(=C3)C(C)(C)C)O)C(C)(C)C)COC(=O)CCC4=CC(=C(C(=C4)C(C)(C)C)O)C(C)(C)C,1177.655,4.0,4.0,20.0
HDPE,hexane,irganox 1076,200.0,0.68,P3,2082-79-3,SSDSCDGVMJFTEQ-UHFFFAOYSA-N,CCCCCCCCCCCCCCCCCCOC(=O)CCC1=CC(=C(C(=C1)C(C)(C)C)O)C(C)(C)C,530.878,1.0,1.0,20.0
HDPE,isopropanol,26 di tert butyl 4 methylphenol,200.0,0.68,P3,128-37-0,NLZUEZXRPGMBCV-UHFFFAOYSA-N,CC1=CC(=C(C(=C1)C(C)(C)C)O)C(C)(C)C,220.356,1.0,1.0,0.0
HDPE,isopropanol,irganox 1010,200.0,0.68,P3,5106-16-1,BGYHLZZASRKEJE-UHFFFAOYSA-N,CC(C)(C)C1=CC(=CC(=C1O)C(C)(C)C)CCC(=O)OCC(COC(=O)CCC2=CC(=C(C(=C2)C(C)(C)C)O)C(C)(C)C)(COC(=O)CCC3=CC(=C(C(=C3)C(C)(C)C)O)C(C)(C)C)COC(=O)CCC4=CC(=C(C(=C4)C(C)(C)C)O)C(C)(C)C,1177.655,4.0,4.0,20.0
HDPE,isopropanol,irganox 1076,200.0,0.68,P3,2082-79-3,SSDSCDGVMJFTEQ-UHFFFAOYSA-N,CCCCCCCCCCCCCCCCCCOC(=O)CCC1=CC(=C(C(=C1)C(C)(C)C)O)C(C)(C)C,530.878,1.0,1.0,20.0
HDPE,octane,octane,200.0,0.65,P3,111-65-9,TVMXDCGIABBOFY-UHFFFAOYSA-N,CCCCCCCC,114.232,0.0,0.0,5.0
HDPE,octane,octane,200.0,0.405,P3,111-65-9,TVMXDCGIABBOFY-UHFFFAOYSA-N,CCCCCCCC,114.232,0.0,0.0,5.0
HDPE,octane,octane,200.0,0.6,P3,111-65-9,TVMXDCGIABBOFY-UHFFFAOYSA-N,CCCCCCCC,114.232,0.0,0.0,5.0
HDPE,p-xylene,pxylene,200.0,0.732984293,P3,106-42-3,URLKBWYHVLBVBO-UHFFFAOYSA-N,CC1=CC=C(C=C1)C,106.168,1.0,1.0,0.0
HDPE,toluene,toluene,200.0,0.435,P3,108-88-3,YXFVVABEGXRONW-UHFFFAOYSA-N,CC1=CC=CC=C1,92.141,1.0,1.0,0.0
HDPE,toluene,toluene,200.0,0.455,P3,108-88-3,YXFVVABEGXRONW-UHFFFAOYSA-N,CC1=CC=CC=C1,92.141,1.0,1.0,0.0
HDPE,toluene,toluene,200.0,0.7,P3,108-88-3,YXFVVABEGXRONW-UHFFFAOYSA-N,CC1=CC=CC=C1,92.141,1.0,1.0,0.0
HDPE,toluene,toluene,200.0,0.4,P3,108-88-3,YXFVVABEGXRONW-UHFFFAOYSA-N,CC1=CC=CC=C1,92.141,1.0,1.0,0.0
HDPE,toluene,toluene,200.0,0.38,P3,108-88-3,YXFVVABEGXRONW-UHFFFAOYSA-N,CC1=CC=CC=C1,92.141,1.0,1.0,0.0
LDPE,"2,2-dimethylbutane",22 dimethylbutane,200.0,0.57,P1,75-83-2,HNRMPXKDFBEGFZ-UHFFFAOYSA-N,CCC(C)(C)C,86.178,0.0,0.0,0.0
LDPE,benzene,benzene,200.0,0.6,P1,71-43-2,UHOVQNZJYSORNB-UHFFFAOYSA-N,C1=CC=CC=C1,78.114,1.0,1.0,0.0
LDPE,benzene,benzene,200.0,0.7,P1,71-43-2,UHOVQNZJYSORNB-UHFFFAOYSA-N,C1=CC=CC=C1,78.114,1.0,1.0,0.0
LDPE,carbon tetrachloride,carbon tetrachloride,200.0,0.7,P1,56-23-5,VZGDMQKNWNREIO-UHFFFAOYSA-N,C(Cl)(Cl)(Cl)Cl,153.823,0.0,0.0,0.0
LDPE,cyclohexane,cyclohexane,200.0,0.57,P1,110-82-7,XDTMQSROBMDMFD-UHFFFAOYSA-N,C1CCCCC1,84.162,1.0,0.0,0.0
LDPE,cyclohexane,cyclohexane,200.0,0.7,P1,110-82-7,XDTMQSROBMDMFD-UHFFFAOYSA-N,C1CCCCC1,84.162,1.0,0.0,0.0
LDPE,decane,decane,200.0,0.7,P1,124-18-5,DIOQZVSQGTUSAI-UHFFFAOYSA-N,CCCCCCCCCC,142.286,0.0,0.0,7.0
LDPE,decane,decane,200.0,0.57,P1,124-18-5,DIOQZVSQGTUSAI-UHFFFAOYSA-N,CCCCCCCCCC,142.286,0.0,0.0,7.0
LDPE,ethylene,ethylene,200.0,0.35,P1,74-85-1,VGGSQFUCUMXWEO-UHFFFAOYSA-N,C=C,28.054,0.0,0.0,0.0
LDPE,ethylene,hexane,200.0,0.35,P1,110-54-3,VLKZOEOYAKHREP-UHFFFAOYSA-N,CCCCCC,86.178,0.0,0.0,3.0
LDPE,heptane,heptane,200.0,0.45,P1,142-82-5,IMNFDUFMRHMDMM-UHFFFAOYSA-N,CCCCCCC,100.205,0.0,0.0,4.0
LDPE,heptane,heptane,200.0,0.35,P1,142-82-5,IMNFDUFMRHMDMM-UHFFFAOYSA-N,CCCCCCC,100.205,0.0,0.0,4.0
LDPE,hexane,hexane,200.0,0.7,P1,110-54-3,VLKZOEOYAKHREP-UHFFFAOYSA-N,CCCCCC,86.178,0.0,0.0,3.0
LDPE,hexane,hexane,200.0,0.6,P1,110-54-3,VLKZOEOYAKHREP-UHFFFAOYSA-N,CCCCCC,86.178,0.0,0.0,3.0
LDPE,hexane,hexane,200.0,0.57,P1,110-54-3,VLKZOEOYAKHREP-UHFFFAOYSA-N,CCCCCC,86.178,0.0,0.0,3.0
LDPE,hexane,hexane,200.0,0.71,P1,110-54-3,VLKZOEOYAKHREP-UHFFFAOYSA-N,CCCCCC,86.178,0.0,0.0,3.0
LDPE,hexane,hexane,200.0,0.54,P1,110-54-3,VLKZOEOYAKHREP-UHFFFAOYSA-N,CCCCCC,86.178,0.0,0.0,3.0
LDPE,isobutylene,isobutylene,200.0,0.6,P1,115-11-7,VQTUBCCKSQIDNK-UHFFFAOYSA-N,CC(=C)C,56.1,0.0,0.0,0.0
LDPE,octane,octane,200.0,0.7,P1,111-65-9,TVMXDCGIABBOFY-UHFFFAOYSA-N,CCCCCCCC,114.232,0.0,0.0,5.0
LDPE,pentane,pentane,200.0,0.35,P1,109-66-0,OFBQJSOFQDEBGM-UHFFFAOYSA-N,CCCCC,72.151,0.0,0.0,2.0
LDPE,propane,propane,200.0,0.58,P1,74-98-6,ATUOYWHBWRKTHZ-UHFFFAOYSA-N,CCC,44.097,0.0,0.0,0.0
LDPE,tetradecane,tetradecane,200.0,0.57,P1,629-59-4,BGHCVCJVXZWKCC-UHFFFAOYSA-N,CCCCCCCCCCCCCC,198.394,0.0,0.0,11.0
LDPE,toluene,toluene,200.0,0.45,P1,108-88-3,YXFVVABEGXRONW-UHFFFAOYSA-N,CC1=CC=CC=C1,92.141,1.0,1.0,0.0
LDPE,toluene,toluene,200.0,0.35,P1,108-88-3,YXFVVABEGXRONW-UHFFFAOYSA-N,CC1=CC=CC=C1,92.141,1.0,1.0,0.0
NBR,"2,2-dimethylbutane",22 dimethylbutane,230.0,0.0,R2,75-83-2,HNRMPXKDFBEGFZ-UHFFFAOYSA-N,CCC(C)(C)C,86.178,0.0,0.0,0.0
NBR,cyclohexane,cyclohexane,230.0,0.0,R2,110-82-7,XDTMQSROBMDMFD-UHFFFAOYSA-N,C1CCCCC1,84.162,1.0,0.0,0.0
NBR,decane,decane,230.0,0.0,R2,124-18-5,DIOQZVSQGTUSAI-UHFFFAOYSA-N,CCCCCCCCCC,142.286,0.0,0.0,7.0
NBR,dichloromethane,dichloromethane,230.0,0.0,R2,75-09-2,YMWUJEATGCHHMB-UHFFFAOYSA-N,C(Cl)Cl,84.933,0.0,0.0,0.0
NBR,hexane,hexane,230.0,0.0,R2,110-54-3,VLKZOEOYAKHREP-UHFFFAOYSA-N,CCCCCC,86.178,0.0,0.0,3.0
NBR,methyl acetate,methyl acetate,230.0,0.0,R2,79-20-9,KXKVLQRXCPHEJC-UHFFFAOYSA-N,CC(=O)OC,74.079,0.0,0.0,0.0
NBR,tetradecane,tetradecane,230.0,0.0,R2,629-59-4,BGHCVCJVXZWKCC-UHFFFAOYSA-N,CCCCCCCCCCCCCC,198.394,0.0,0.0,11.0
PBD,benzene,benzene,172.0,0.0,R2,71-43-2,UHOVQNZJYSORNB-UHFFFAOYSA-N,C1=CC=CC=C1,78.114,1.0,1.0,0.0
PBD,dodecane,dodecane,172.0,0.0,R2,112-40-3,SNRUBQQJIBEYMU-UHFFFAOYSA-N,CCCCCCCCCCCC,170.34,0.0,0.0,9.0
PBD,hexafluorobenzene,dodecane,172.0,0.0,R2,112-40-3,SNRUBQQJIBEYMU-UHFFFAOYSA-N,CCCCCCCCCCCC,170.34,0.0,0.0,9.0
PBMA,benzene,benzene,300.0,0.0,P1,71-43-2,UHOVQNZJYSORNB-UHFFFAOYSA-N,C1=CC=CC=C1,78.114,1.0,1.0,0.0
PC,"1,2-dichloroethane",12 dichloroethane,423.0,0.008,G2,107-06-2,WSLDOOZREJYCGB-UHFFFAOYSA-N,C(CCl)Cl,98.96,0.0,0.0,1.0
PC,chloroform,chloroform,423.0,0.008,G2,67-66-3,HEDRZPFGACZZDS-UHFFFAOYSA-N,C(Cl)(Cl)Cl,119.378,0.0,0.0,0.0
PC,decane,26 di tert butyl 4 methylphenol,423.0,0.0,G2,128-37-0,NLZUEZXRPGMBCV-UHFFFAOYSA-N,CC1=CC(=C(C(=C1)C(C)(C)C)O)C(C)(C)C,220.356,1.0,1.0,0.0
PCP,"2,2,4-trimethylpentane",224 trimethylpentane,228.0,0.0,R2,540-84-1,NHTMVDHEPJAVLT-UHFFFAOYSA-N,CC(C)CC(C)(C)C,114.232,0.0,0.0,1.0
PCP,dichloromethane,dichloromethane,228.0,0.0,R2,75-09-2,YMWUJEATGCHHMB-UHFFFAOYSA-N,C(Cl)Cl,84.933,0.0,0.0,0.0
PCP,methyl acetate,methyl acetate,228.0,0.0,R2,79-20-9,KXKVLQRXCPHEJC-UHFFFAOYSA-N,CC(=O)OC,74.079,0.0,0.0,0.0
PEA,benzene,benzene,248.0,0.0,P1,71-43-2,UHOVQNZJYSORNB-UHFFFAOYSA-N,C1=CC=CC=C1,78.114,1.0,1.0,0.0
PEBAX_4033,ethanol,solvent violet 13,193.0,0.0,P2,81-48-1,LJFWQNJLLOFIJK-UHFFFAOYSA-N,CC1=CC=C(C=C1)NC2=C3C(=C(C=C2)O)C(=O)C4=CC=CC=C4C3=O,329.355,4.0,3.0,2.0
PEBAX_4033,ethylene glycol,solvent violet 13,193.0,0.0,P2,81-48-1,LJFWQNJLLOFIJK-UHFFFAOYSA-N,CC1=CC=C(C=C1)NC2=C3C(=C(C=C2)O)C(=O)C4=CC=CC=C4C3=O,329.355,4.0,3.0,2.0
PEBAX_4033,hexane,solvent violet 13,193.0,0.0,P2,81-48-1,LJFWQNJLLOFIJK-UHFFFAOYSA-N,CC1=CC=C(C=C1)NC2=C3C(=C(C=C2)O)C(=O)C4=CC=CC=C4C3=O,329.355,4.0,3.0,2.0
PEBAX_4033,octamethyl trisiloxane,solvent violet 13,193.0,0.0,P2,81-48-1,LJFWQNJLLOFIJK-UHFFFAOYSA-N,CC1=CC=C(C=C1)NC2=C3C(=C(C=C2)O)C(=O)C4=CC=CC=C4C3=O,329.355,4.0,3.0,2.0
PEBAX_4033,propylene carbonate,solvent violet 13,193.0,0.0,P2,81-48-1,LJFWQNJLLOFIJK-UHFFFAOYSA-N,CC1=CC=C(C=C1)NC2=C3C(=C(C=C2)O)C(=O)C4=CC=CC=C4C3=O,329.355,4.0,3.0,2.0
PEBAX_4033,toluene,solvent violet 13,193.0,0.0,P2,81-48-1,LJFWQNJLLOFIJK-UHFFFAOYSA-N,CC1=CC=C(C=C1)NC2=C3C(=C(C=C2)O)C(=O)C4=CC=CC=C4C3=O,329.355,4.0,3.0,2.0
PEBAX_4033,water,solvent violet 13,193.0,0.0,P2,81-48-1,LJFWQNJLLOFIJK-UHFFFAOYSA-N,CC1=CC=C(C=C1)NC2=C3C(=C(C=C2)O)C(=O)C4=CC=CC=C4C3=O,329.355,4.0,3.0,2.0
PEEK,dichloromethane,dichloromethane,428.15,0.0,G1,75-09-2,YMWUJEATGCHHMB-UHFFFAOYSA-N,C(Cl)Cl,84.933,0.0,0.0,0.0
PET,dichloromethane,dichloromethane,358.15,0.0,G2,75-09-2,YMWUJEATGCHHMB-UHFFFAOYSA-N,C(Cl)Cl,84.933,0.0,0.0,0.0
PI,"2,2,4-trimethylpentane",224 trimethylpentane,200.0,0.0,R2,540-84-1,NHTMVDHEPJAVLT-UHFFFAOYSA-N,CC(C)CC(C)(C)C,114.232,0.0,0.0,1.0
PI,"2,2-dimethylbutane",22 dimethylbutane,200.0,0.0,R2,75-83-2,HNRMPXKDFBEGFZ-UHFFFAOYSA-N,CCC(C)(C)C,86.178,0.0,0.0,0.0
PI,benzene,benzene,200.0,0.0,R2,71-43-2,UHOVQNZJYSORNB-UHFFFAOYSA-N,C1=CC=CC=C1,78.114,1.0,1.0,0.0
PI,butane,butane,200.0,0.0,R2,106-97-8,IJDNQMDRQITEOD-UHFFFAOYSA-N,CCCC,58.124,0.0,0.0,1.0
PI,cyclohexane,cyclohexane,200.0,0.0,R2,110-82-7,XDTMQSROBMDMFD-UHFFFAOYSA-N,C1CCCCC1,84.162,1.0,0.0,0.0
PI,decane,decane,200.0,0.0,R2,124-18-5,DIOQZVSQGTUSAI-UHFFFAOYSA-N,CCCCCCCCCC,142.286,0.0,0.0,7.0
PI,dichloromethane,dichloromethane,200.0,0.0,R2,75-09-2,YMWUJEATGCHHMB-UHFFFAOYSA-N,C(Cl)Cl,84.933,0.0,0.0,0.0
PI,dodecane,dodecane,200.0,0.0,R2,112-40-3,SNRUBQQJIBEYMU-UHFFFAOYSA-N,CCCCCCCCCCCC,170.34,0.0,0.0,9.0
PI,eicosane,eicosane,200.0,0.0,R2,112-95-8,CBFCDTFDPHXCNY-UHFFFAOYSA-N,CCCCCCCCCCCCCCCCCCCC,282.556,0.0,0.0,17.0
PI,hexadecane,hexadecane,200.0,0.0,R2,544-76-3,DCAYPVUWAIABOU-UHFFFAOYSA-N,CCCCCCCCCCCCCCCC,226.448,0.0,0.0,13.0
PI,hexane,hexane,200.0,0.0,R2,110-54-3,VLKZOEOYAKHREP-UHFFFAOYSA-N,CCCCCC,86.178,0.0,0.0,3.0
PI,methyl acetate,methyl acetate,200.0,0.0,R2,79-20-9,KXKVLQRXCPHEJC-UHFFFAOYSA-N,CC(=O)OC,74.079,0.0,0.0,0.0
PI,octane,octane,200.0,0.0,R2,111-65-9,TVMXDCGIABBOFY-UHFFFAOYSA-N,CCCCCCCC,114.232,0.0,0.0,5.0
PI,toluene,toluene,200.0,0.0,R2,108-88-3,YXFVVABEGXRONW-UHFFFAOYSA-N,CC1=CC=CC=C1,92.141,1.0,1.0,0.0
PIB,benzene,benzene,205.0,0.0,P2,71-43-2,UHOVQNZJYSORNB-UHFFFAOYSA-N,C1=CC=CC=C1,78.114,1.0,1.0,0.0
PIB,butane,butane,205.0,0.0,P2,106-97-8,IJDNQMDRQITEOD-UHFFFAOYSA-N,CCCC,58.124,0.0,0.0,1.0
PIB,isobutane,isobutane,205.0,0.0,P2,75-28-5,NNPPMTNAJDCUHE-UHFFFAOYSA-N,CC(C)C,58.124,0.0,0.0,0.0
PIB,neopentane,neopentane,205.0,0.0,P2,463-82-1,CRSOQBOWXPBRES-UHFFFAOYSA-N,CC(C)(C)C,72.151,0.0,0.0,0.0
PIB,pentane,pentane,205.0,0.0,P2,109-66-0,OFBQJSOFQDEBGM-UHFFFAOYSA-N,CCCCC,72.151,0.0,0.0,2.0
PIB,propane,propane,205.0,0.0,P2,74-98-6,ATUOYWHBWRKTHZ-UHFFFAOYSA-N,CCC,44.097,0.0,0.0,0.0
PLGA,dichloromethane,dichloromethane,312.3,0.0,P4,75-09-2,YMWUJEATGCHHMB-UHFFFAOYSA-N,C(Cl)Cl,84.933,0.0,0.0,0.0
PMA,benzene,benzene,276.0,0.0,P2,71-43-2,UHOVQNZJYSORNB-UHFFFAOYSA-N,C1=CC=CC=C1,78.114,1.0,1.0,0.0
PMA,butyl acetate,butyl acetate,276.0,0.0,P2,123-86-4,DKPFZGUDAPQIHT-UHFFFAOYSA-N,CCCCOC(=O)C,116.16,0.0,0.0,3.0
PMA,cumene,cumene,276.0,0.0,P2,98-82-8,RWGFKTVRMDUZSP-UHFFFAOYSA-N,CC(C)C1=CC=CC=C1,120.195,1.0,1.0,1.0
PMA,ethyl acetate,ethyl acetate,276.0,0.0,P2,141-78-6,XEKOWRVHYACXOJ-UHFFFAOYSA-N,CCOC(=O)C,88.106,0.0,0.0,1.0
PMA,ethylbenzene,ethylbenzene,276.0,0.0,P2,100-41-4,YNQLUTRBYVCPMQ-UHFFFAOYSA-N,CCC1=CC=CC=C1,106.168,1.0,1.0,1.0
PMA,methyl acetate,methyl acetate,276.0,0.0,P2,79-20-9,KXKVLQRXCPHEJC-UHFFFAOYSA-N,CC(=O)OC,74.079,0.0,0.0,0.0
PMA,propyl acetate,propyl acetate,276.0,0.0,P2,109-60-4,YKYONYBAUNKHLG-UHFFFAOYSA-N,CCCOC(=O)C,102.133,0.0,0.0,2.0
PMA,toluene,toluene,276.0,0.0,P2,108-88-3,YXFVVABEGXRONW-UHFFFAOYSA-N,CC1=CC=CC=C1,92.141,1.0,1.0,0.0
PMMA,methanol,methanol,381.0,0.0,G2,67-56-1,OKKJLVBELUTLKV-UHFFFAOYSA-N,CO,32.042,0.0,0.0,0.0
PMMA,methyl acetate,methyl acetate,381.0,0.0,G2,79-20-9,KXKVLQRXCPHEJC-UHFFFAOYSA-N,CC(=O)OC,74.079,0.0,0.0,0.0
PMMA,toluene,toluene,381.0,0.0,G2,108-88-3,YXFVVABEGXRONW-UHFFFAOYSA-N,CC1=CC=CC=C1,92.141,1.0,1.0,0.0
PP,N2,nitrogen,253.0,0.0,P2,7727-37-9,IJGRMHOSHXDMSA-UHFFFAOYSA-N,N#N,28.014,0.0,0.0,0.0
PP,heptane,heptane,253.0,0.53,P2,142-82-5,IMNFDUFMRHMDMM-UHFFFAOYSA-N,CCCCCCC,100.205,0.0,0.0,4.0
PP,propylene,propylene,253.0,0.0,P2,115-07-1,QQONPFPTGQHPMA-UHFFFAOYSA-N,CC=C,42.081,0.0,0.0,0.0
PP,toluene,toluene,253.0,0.51,P2,108-88-3,YXFVVABEGXRONW-UHFFFAOYSA-N,CC1=CC=CC=C1,92.141,1.0,1.0,0.0
PS,bromoform,bromoform,373.0,0.0,G1,75-25-2,DIKBFYAXUHHXCS-UHFFFAOYSA-N,C(Br)(Br)Br,252.731,0.0,0.0,0.0
PS,carbon tetrachloride,carbon tetrachloride,373.0,0.0,G1,56-23-5,VZGDMQKNWNREIO-UHFFFAOYSA-N,C(Cl)(Cl)(Cl)Cl,153.823,0.0,0.0,0.0
PS,chloroform,chloroform,373.0,0.0,G1,67-66-3,HEDRZPFGACZZDS-UHFFFAOYSA-N,C(Cl)(Cl)Cl,119.378,0.0,0.0,0.0
PS,dibromomethane,dibromomethane,373.0,0.0,G1,74-95-3,FJBFPHVGVWTDIP-UHFFFAOYSA-N,C(Br)Br,173.835,0.0,0.0,0.0
PS,dichloromethane,dichloromethane,373.0,0.0,G1,75-09-2,YMWUJEATGCHHMB-UHFFFAOYSA-N,C(Cl)Cl,84.933,0.0,0.0,0.0
PS,dodecane,dodecane,373.0,0.0,G1,112-40-3,SNRUBQQJIBEYMU-UHFFFAOYSA-N,CCCCCCCCCCCC,170.34,0.0,0.0,9.0
PS,iodomethane,iodomethane,373.0,0.0,G1,74-88-4,INQOMBQAUSQDDS-UHFFFAOYSA-N,CI,141.939,0.0,0.0,0.0
PS,toluene,toluene,373.0,0.0,G1,108-88-3,YXFVVABEGXRONW-UHFFFAOYSA-N,CC1=CC=CC=C1,92.141,1.0,1.0,0.0
PTFE,tetrachloroethylene,tetrachloroethylene,298.15,0.95,P2,127-18-4,CYTYCFOTNPOANT-UHFFFAOYSA-N,C(=C(Cl)Cl)(Cl)Cl,165.834,0.0,0.0,0.0
PVAc,acetone,acetone,305.0,0.0,P3,67-64-1,CSCPPACGZOOCGX-UHFFFAOYSA-N,CC(=O)C,58.08,0.0,0.0,0.0
PVAc,benzene,benzene,305.0,0.0,P3,71-43-2,UHOVQNZJYSORNB-UHFFFAOYSA-N,C1=CC=CC=C1,78.114,1.0,1.0,0.0
PVAc,chloroform,chloroform,305.0,0.0,P3,67-66-3,HEDRZPFGACZZDS-UHFFFAOYSA-N,C(Cl)(Cl)Cl,119.378,0.0,0.0,0.0
PVAc,methanol,methanol,305.0,0.0,P3,67-56-1,OKKJLVBELUTLKV-UHFFFAOYSA-N,CO,32.042,0.0,0.0,0.0
PVAc,methanol,toluene,305.0,0.0,P3,108-88-3,YXFVVABEGXRONW-UHFFFAOYSA-N,CC1=CC=CC=C1,92.141,1.0,1.0,0.0
PVAc,methyl acetate,methyl acetate,305.0,0.0,P3,79-20-9,KXKVLQRXCPHEJC-UHFFFAOYSA-N,CC(=O)OC,74.079,0.0,0.0,0.0
PVAc,propanol,propanol,305.0,0.0,P3,71-23-8,BDERNNFJNOPAEC-UHFFFAOYSA-N,CCCO,60.096,0.0,0.0,1.0
PVAc,toluene,methanol,305.0,0.0,P3,67-56-1,OKKJLVBELUTLKV-UHFFFAOYSA-N,CO,32.042,0.0,0.0,0.0
PVAc,toluene,toluene,305.0,0.0,P3,108-88-3,YXFVVABEGXRONW-UHFFFAOYSA-N,CC1=CC=CC=C1,92.141,1.0,1.0,0.0
PVDF,tetrachloroethylene,tetrachloroethylene,333.15,0.6,P3,127-18-4,CYTYCFOTNPOANT-UHFFFAOYSA-N,C(=C(Cl)Cl)(Cl)Cl,165.834,0.0,0.0,0.0
SBR,"2,2,4-trimethylpentane",224 trimethylpentane,205.0,0.0,R2,540-84-1,NHTMVDHEPJAVLT-UHFFFAOYSA-N,CC(C)CC(C)(C)C,114.232,0.0,0.0,1.0
SBR,decane,decane,205.0,0.0,R2,124-18-5,DIOQZVSQGTUSAI-UHFFFAOYSA-N,CCCCCCCCCC,142.286,0.0,0.0,7.0
SBR,dichloromethane,dichloromethane,205.0,0.0,R2,75-09-2,YMWUJEATGCHHMB-UHFFFAOYSA-N,C(Cl)Cl,84.933,0.0,0.0,0.0
SBR,dodecane,dodecane,205.0,0.0,R2,112-40-3,SNRUBQQJIBEYMU-UHFFFAOYSA-N,CCCCCCCCCCCC,170.34,0.0,0.0,9.0
SBR,eicosane,eicosane,205.0,0.0,R2,112-95-8,CBFCDTFDPHXCNY-UHFFFAOYSA-N,CCCCCCCCCCCCCCCCCCCC,282.556,0.0,0.0,17.0
SBR,hexadecane,hexadecane,205.0,0.0,R2,544-76-3,DCAYPVUWAIABOU-UHFFFAOYSA-N,CCCCCCCCCCCCCCCC,226.448,0.0,0.0,13.0
SBR,octane,octane,205.0,0.0,R2,111-65-9,TVMXDCGIABBOFY-UHFFFAOYSA-N,CCCCCCCC,114.232,0.0,0.0,5.0
Siloxane,benzene,benzene,150.0,0.0,R1,71-43-2,UHOVQNZJYSORNB-UHFFFAOYSA-N,C1=CC=CC=C1,78.114,1.0,1.0,0.0
Siloxane,chloroform,chloroform,150.0,0.0,R1,67-66-3,HEDRZPFGACZZDS-UHFFFAOYSA-N,C(Cl)(Cl)Cl,119.378,0.0,0.0,0.0
